id,team_id,possession_style,defensive_style,defensive_line,width,attacking_mindset,formation,team_level,possession_pct,ppda,passes_completed,progressive_passes,final_third_entries,shot_creating_actions,touches_def_pen,touches_def_3rd,touches_mid_3rd,touches_att_3rd,touches_att_pen
1,15,Balanced,Mid-Block,Medium,Wide,Balanced,4-2-3-1,20,45.6,42.34975369458128,0.0,955.0,285.0,0.0,1535.0,4832.0,6955.0,3935.0,577.0
2,6,Defensive,High Press,Low,Wide,Balanced,3-4-3,22,41.4,32.41580756013746,0.0,812.0,309.0,0.0,1799.0,5625.0,6718.0,3255.0,454.0
3,95,Possession,Mid-Block,High,Balanced,Balanced,3-4-3,84,56.3,50.11913357400722,0.0,1507.0,432.0,0.0,1535.0,5079.0,8622.0,6402.0,1066.0
4,75,Balanced,Mid-Block,Low,Balanced,Balanced,5-3-2,67,51.4,48.07116104868914,0.0,1166.0,399.0,0.0,2270.0,6394.0,8237.0,4759.0,843.0
5,83,Possession,Mid-Block,Medium,Balanced,Attacking,4-2-3-1,87,55.3,52.475,0.0,1497.0,586.0,0.0,1681.0,5822.0,9664.0,5860.0,887.0
6,36,Balanced,High Press,High,Wide,Balanced,4-3-3,56,49.3,35.32710280373832,0.0,1334.0,371.0,0.0,1494.0,5002.0,8557.0,4631.0,658.0
7,64,Balanced,Mid-Block,Medium,Wide,Balanced,4-3-3,66,52.1,57.875,0.0,1289.0,460.0,0.0,1941.0,6646.0,9767.0,5081.0,691.0
8,88,Balanced,Mid-Block,Low,Wide,Balanced,4-2-3-1,24,43.1,40.004273504273506,0.0,949.0,296.0,0.0,1902.0,5251.0,6929.0,3874.0,558.0
9,51,Balanced,High Press,Low,Balanced,Balanced,4-4-2,27,42.2,31.592334494773517,0.0,932.0,299.0,0.0,1911.0,5649.0,6540.0,3358.0,548.0
10,72,Possession,Mid-Block,High,Wide,Balanced,3-4-3,93,67.4,58.55732484076433,0.0,1845.0,555.0,0.0,1623.0,5656.0,12438.0,6929.0,992.0
11,80,Possession,Mid-Block,High,Wide,Attacking,4-3-3,97,68.6,64.31111111111112,0.0,1882.0,600.0,0.0,1425.0,5408.0,13359.0,7669.0,1078.0
12,29,Balanced,Mid-Block,Medium,Balanced,Balanced,4-3-3,66,52.0,44.09893992932862,0.0,1172.0,423.0,0.0,1802.0,6102.0,8572.0,4825.0,740.0
13,81,Balanced,Mid-Block,Low,Balanced,Defensive,4-3-3,17,44.6,40.08675799086758,0.0,932.0,248.0,0.0,2001.0,5566.0,6926.0,3612.0,604.0
14,31,Possession,Mid-Block,Medium,Wide,Balanced,4-3-3,63,58.1,56.55128205128205,0.0,1247.0,367.0,0.0,1761.0,5709.0,9393.0,4968.0,704.0
15,1,Balanced,Mid-Block,Medium,Balanced,Balanced,4-3-3,69,48.0,40.53874538745387,0.0,1304.0,455.0,0.0,1942.0,5612.0,8029.0,5345.0,897.0
16,46,Counter,Mid-Block,Low,Balanced,Balanced,5-3-2,44,47.7,45.1843137254902,0.0,1168.0,319.0,0.0,2914.0,7357.0,6979.0,4619.0,857.0
17,47,Balanced,Mid-Block,Low,Balanced,Balanced,4-3-3,33,48.1,47.63181818181818,0.0,933.0,294.0,0.0,1889.0,5746.0,7491.0,3666.0,553.0
18,26,Balanced,High Press,Medium,Balanced,Balanced,4-4-2,80,52.5,38.16011235955056,0.0,1316.0,489.0,0.0,2265.0,6614.0,8972.0,5243.0,916.0
19,77,Balanced,Mid-Block,Low,Balanced,Balanced,5-3-2,21,45.4,44.68122270742358,0.0,983.0,296.0,0.0,2146.0,6477.0,6951.0,3591.0,564.0
20,43,Balanced,Mid-Block,Medium,Wide,Balanced,3-4-3,64,53.6,55.75092936802974,0.0,1377.0,410.0,0.0,1876.0,6358.0,10474.0,4659.0,692.0
21,19,Possession,Mid-Block,Medium,Balanced,Balanced,4-4-2,86,58.4,53.958188153310104,0.0,1358.0,423.0,0.0,2004.0,6488.0,9718.0,5630.0,984.0
22,11,Balanced,Mid-Block,Low,Wide,Balanced,4-2-3-1,57,54.3,54.611336032388664,0.0,1142.0,393.0,0.0,2057.0,6749.0,8925.0,4569.0,682.0
23,34,Balanced,Mid-Block,Low,Balanced,Balanced,5-3-2,23,43.3,52.14572864321608,0.0,1000.0,310.0,0.0,2224.0,6700.0,7440.0,3898.0,670.0
24,25,Possession,Mid-Block,Medium,Balanced,Balanced,4-2-3-1,82,59.2,51.482142857142854,0.0,1334.0,423.0,0.0,1849.0,6038.0,9981.0,4818.0,768.0
25,66,Balanced,Mid-Block,Low,Balanced,Balanced,4-4-2,64,49.7,49.92887029288703,0.0,1159.0,382.0,0.0,2218.0,6300.0,8207.0,3983.0,764.0
26,70,Defensive,Mid-Block,Low,Balanced,Defensive,5-3-2,3,40.8,41.994974874371856,0.0,823.0,233.0,0.0,2035.0,5639.0,6750.0,3106.0,474.0
27,38,Defensive,Mid-Block,Low,Balanced,Balanced,4-5-1,5,39.1,38.42201834862385,0.0,791.0,285.0,0.0,2125.0,5973.0,6248.0,2801.0,428.0
28,56,Defensive,High Press,Low,Balanced,Balanced,4-5-1,17,40.3,35.0625,0.0,869.0,309.0,0.0,2128.0,6036.0,6657.0,4159.0,635.0
29,28,Balanced,Mid-Block,Medium,Balanced,Balanced,4-2-3-1,47,49.5,52.830275229357795,0.0,1032.0,393.0,0.0,2008.0,6039.0,8175.0,3690.0,565.0
30,23,Balanced,Mid-Block,Medium,Balanced,Balanced,4-3-3,32,48.9,54.65238095238095,0.0,1003.0,285.0,0.0,2014.0,6018.0,8278.0,3853.0,630.0
31,69,Balanced,Mid-Block,Low,Balanced,Balanced,5-3-2,73,52.3,60.861607142857146,0.0,1298.0,457.0,0.0,2204.0,6775.0,8477.0,5269.0,794.0
32,17,Balanced,Mid-Block,Low,Balanced,Balanced,5-3-2,16,46.0,46.10045662100457,0.0,850.0,290.0,0.0,2106.0,6282.0,7488.0,3422.0,557.0
33,10,Balanced,High Press,Medium,Wide,Balanced,4-3-3,8,42.8,26.712230215827336,0.0,839.0,264.0,0.0,1498.0,4403.0,6850.0,3984.0,557.0
34,58,Possession,Mid-Block,Medium,Wide,Balanced,4-4-2,74,57.0,63.29113924050633,0.0,1393.0,452.0,0.0,2081.0,6593.0,9411.0,4969.0,681.0
35,96,Balanced,Mid-Block,Low,Balanced,Balanced,5-3-2,42,49.8,59.857142857142854,0.0,939.0,300.0,0.0,2502.0,7168.0,8075.0,3432.0,596.0
36,89,Balanced,Mid-Block,Low,Balanced,Balanced,5-3-2,27,43.3,44.94859813084112,0.0,837.0,305.0,0.0,2124.0,6407.0,6969.0,3370.0,553.0
37,45,Defensive,Mid-Block,Low,Wide,Balanced,4-5-1,4,38.5,40.13551401869159,0.0,873.0,296.0,0.0,1796.0,5288.0,6984.0,3330.0,477.0
38,53,Balanced,Mid-Block,Medium,Balanced,Balanced,4-4-2,45,49.4,55.15533980582524,0.0,1067.0,330.0,0.0,2083.0,5928.0,8164.0,4361.0,667.0
39,73,Balanced,Mid-Block,Low,Balanced,Defensive,4-4-2,8,44.3,53.08988764044944,0.0,781.0,240.0,0.0,2505.0,6936.0,6765.0,2713.0,507.0
40,18,Possession,Low-Block,Medium,Balanced,Balanced,4-2-3-1,82,59.5,93.55232558139535,0.0,1464.0,485.0,0.0,2017.0,6310.0,10316.0,5490.0,895.0
41,94,Defensive,Mid-Block,Low,Wide,Balanced,4-5-1,10,41.0,41.82251082251082,0.0,783.0,283.0,0.0,2520.0,6548.0,6419.0,3422.0,509.0
42,30,Possession,Mid-Block,Medium,Wide,Balanced,4-2-3-1,78,58.6,64.084,0.0,1324.0,473.0,0.0,1916.0,6605.0,10514.0,4981.0,705.0
43,82,Balanced,Mid-Block,Low,Balanced,Defensive,4-4-2,26,50.0,52.62555066079295,0.0,1011.0,286.0,0.0,2238.0,6559.0,8643.0,3723.0,570.0
44,90,Balanced,Mid-Block,Medium,Balanced,Balanced,4-2-3-1,76,53.9,60.34529147982063,0.0,1268.0,486.0,0.0,1950.0,5791.0,9112.0,4537.0,758.0
45,79,Counter,Mid-Block,Low,Balanced,Balanced,4-4-1-1,29,42.6,45.39150943396226,0.0,915.0,310.0,0.0,1939.0,5934.0,6814.0,3273.0,525.0
46,87,Balanced,Mid-Block,Low,Balanced,Balanced,4-4-2,19,44.6,44.64473684210526,0.0,936.0,312.0,0.0,2215.0,6358.0,7470.0,3566.0,538.0
47,62,Balanced,Mid-Block,Low,Wide,Balanced,4-4-2,5,42.1,39.738197424892704,0.0,851.0,294.0,0.0,2144.0,6175.0,7272.0,2945.0,367.0
48,65,Counter,Mid-Block,Low,Balanced,Balanced,4-4-1-1,29,45.6,44.369811320754714,0.0,934.0,322.0,0.0,2403.0,6716.0,8426.0,3556.0,547.0
49,35,Balanced,Mid-Block,Medium,Wide,Balanced,4-3-3,70,54.4,47.05263157894737,0.0,1255.0,424.0,0.0,1604.0,5282.0,8643.0,5175.0,730.0
50,27,Possession,Mid-Block,High,Wide,Balanced,4-3-3,87,59.3,61.87795275590551,0.0,1481.0,439.0,0.0,1555.0,4816.0,10543.0,6393.0,821.0
51,54,Possession,Mid-Block,High,Wide,Balanced,4-3-3,79,57.2,56.84738955823293,0.0,1368.0,435.0,0.0,1654.0,5151.0,9692.0,5113.0,730.0
52,57,Possession,Mid-Block,Medium,Balanced,Balanced,4-2-3-1,88,57.7,59.65234375,0.0,1598.0,474.0,0.0,1964.0,5972.0,9856.0,6210.0,1096.0
53,13,Possession,Mid-Block,Medium,Balanced,Balanced,4-2-3-1,76,56.2,54.97154471544715,0.0,1369.0,378.0,0.0,1853.0,5663.0,8974.0,4846.0,814.0
54,67,Balanced,Mid-Block,Medium,Balanced,Defensive,4-4-2,39,50.1,47.56086956521739,0.0,1123.0,286.0,0.0,1976.0,5955.0,8127.0,4371.0,670.0
55,74,Balanced,Mid-Block,Low,Wide,Balanced,4-4-2,27,46.8,46.68609865470852,0.0,992.0,341.0,0.0,2083.0,5897.0,7740.0,3781.0,557.0
56,48,Possession,Mid-Block,High,Wide,Attacking,4-3-3,97,61.4,70.46768060836501,0.0,1656.0,740.0,0.0,1847.0,5716.0,10515.0,8416.0,1155.0
57,71,Balanced,Mid-Block,Low,Balanced,Balanced,4-4-2,64,52.8,51.343173431734314,0.0,1158.0,388.0,0.0,2183.0,7339.0,8826.0,4743.0,785.0
58,4,Possession,Mid-Block,High,Wide,Balanced,4-2-3-1,85,64.2,69.22727272727273,0.0,1525.0,472.0,0.0,1693.0,6086.0,12351.0,5670.0,756.0
59,16,Balanced,Mid-Block,Medium,Balanced,Attacking,4-2-3-1,85,54.4,50.87169811320755,0.0,1397.0,552.0,0.0,1654.0,5841.0,8698.0,4817.0,844.0
60,50,Possession,Mid-Block,High,Balanced,Balanced,3-4-3,84,55.4,47.6728624535316,0.0,1458.0,479.0,0.0,1540.0,5040.0,9645.0,4941.0,869.0
61,21,Balanced,Mid-Block,Medium,Wide,Balanced,4-4-2,28,45.4,37.29389312977099,0.0,922.0,315.0,0.0,1823.0,5213.0,7173.0,3598.0,486.0
62,52,Balanced,Mid-Block,Low,Wide,Balanced,4-2-3-1,25,47.7,58.9452736318408,0.0,921.0,348.0,0.0,2442.0,7060.0,7822.0,3447.0,418.0
63,12,Defensive,High Press,Low,Balanced,Balanced,4-5-1,20,39.5,37.69037656903766,0.0,886.0,282.0,0.0,1889.0,5219.0,6739.0,3180.0,546.0
64,93,Balanced,Mid-Block,Medium,Balanced,Balanced,4-3-3,64,53.5,53.92075471698113,0.0,1344.0,394.0,0.0,1948.0,6354.0,9689.0,4649.0,747.0
65,59,Balanced,Mid-Block,Low,Balanced,Balanced,5-3-2,68,50.2,50.50579150579151,0.0,1306.0,397.0,0.0,2037.0,6644.0,8353.0,5047.0,896.0
66,7,Counter,High Press,Medium,Balanced,Balanced,4-2-3-1,63,47.9,37.263333333333335,0.0,1117.0,345.0,0.0,1852.0,5637.0,7941.0,4005.0,730.0
67,44,Counter,Mid-Block,Low,Balanced,Balanced,4-4-1-1,37,40.1,43.28431372549019,0.0,919.0,342.0,0.0,2093.0,5407.0,6281.0,4274.0,664.0
68,9,Balanced,Mid-Block,Medium,Balanced,Balanced,4-2-3-1,37,45.5,40.82403433476395,0.0,965.0,345.0,0.0,1850.0,5209.0,7176.0,3911.0,600.0
69,76,Possession,Mid-Block,High,Balanced,Attacking,4-2-3-1,97,67.8,58.12130177514793,0.0,1770.0,593.0,0.0,1766.0,5901.0,12559.0,6936.0,1042.0
70,60,Counter,Mid-Block,Low,Wide,Balanced,3-4-3,38,45.2,43.846774193548384,0.0,936.0,380.0,0.0,2268.0,6037.0,7357.0,3973.0,560.0
71,86,Balanced,Mid-Block,Low,Wide,Balanced,4-2-3-1,45,51.3,46.46774193548387,0.0,1130.0,366.0,0.0,2159.0,6569.0,7710.0,4584.0,581.0
72,84,Balanced,Mid-Block,Medium,Balanced,Balanced,4-2-3-1,54,53.0,58.39461883408072,0.0,1191.0,338.0,0.0,1966.0,6028.0,9783.0,4362.0,690.0
73,39,Possession,Mid-Block,Medium,Wide,Attacking,3-4-3,94,60.4,54.98738170347003,0.0,1599.0,553.0,0.0,2033.0,6490.0,10494.0,6361.0,948.0
74,40,Balanced,Mid-Block,Medium,Wide,Balanced,4-3-3,56,54.5,47.616,0.0,1109.0,337.0,0.0,1858.0,5754.0,8830.0,4365.0,624.0
75,24,Counter,Mid-Block,Low,Balanced,Balanced,5-3-2,44,44.2,37.003787878787875,0.0,995.0,363.0,0.0,2097.0,5966.0,6455.0,3628.0,557.0
76,41,Balanced,Mid-Block,Medium,Balanced,Balanced,4-3-3,66,51.1,41.00335570469799,0.0,1279.0,377.0,0.0,1726.0,5484.0,8657.0,4443.0,697.0
77,8,Possession,Mid-Block,Medium,Wide,Balanced,4-3-3,72,55.3,64.58189655172414,0.0,1305.0,512.0,0.0,2027.0,6215.0,10180.0,5137.0,753.0
78,5,Balanced,Mid-Block,Low,Wide,Balanced,4-4-2,28,46.4,44.329166666666666,0.0,981.0,288.0,0.0,2079.0,5879.0,7091.0,3709.0,493.0
79,20,Balanced,Mid-Block,Low,Wide,Balanced,4-3-3,39,51.4,44.03333333333333,0.0,924.0,325.0,0.0,1969.0,6676.0,8304.0,3809.0,532.0
80,55,Balanced,Mid-Block,Low,Wide,Balanced,4-2-3-1,54,49.8,47.15068493150685,0.0,1013.0,431.0,0.0,2567.0,7311.0,8682.0,4340.0,621.0
81,32,Balanced,Low-Block,Low,Balanced,Balanced,4-3-3,23,44.7,56.355932203389834,0.0,922.0,284.0,0.0,1909.0,5789.0,7149.0,3699.0,565.0
82,85,Balanced,Mid-Block,Low,Balanced,Balanced,4-4-2,36,49.9,46.737037037037034,0.0,1023.0,297.0,0.0,2309.0,7675.0,7932.0,3219.0,522.0
83,92,Possession,Mid-Block,Medium,Balanced,Balanced,4-2-3-1,64,56.2,56.604838709677416,0.0,1254.0,349.0,0.0,2040.0,6071.0,9773.0,4803.0,795.0
84,22,Balanced,Mid-Block,Medium,Wide,Balanced,4-3-3,22,47.5,55.714285714285715,0.0,926.0,320.0,0.0,2041.0,5905.0,8040.0,3645.0,489.0
85,78,Possession,High Press,Low,Balanced,Balanced,5-3-2,88,56.6,40.78151260504202,0.0,1428.0,497.0,0.0,2192.0,6914.0,8962.0,5583.0,903.0
86,14,Counter,Mid-Block,Medium,Balanced,Balanced,4-3-3,42,45.4,37.934865900383144,0.0,1037.0,302.0,0.0,1588.0,5179.0,7297.0,3678.0,664.0
87,3,Balanced,Mid-Block,Low,Balanced,Balanced,4-4-2,38,47.3,44.05241935483871,0.0,961.0,365.0,0.0,2058.0,6009.0,7779.0,3713.0,587.0
88,91,Defensive,Mid-Block,Low,Balanced,Defensive,5-3-2,14,39.9,45.260416666666664,0.0,902.0,223.0,0.0,1887.0,5537.0,6736.0,3603.0,636.0
89,2,Counter,Mid-Block,Medium,Wide,Balanced,4-2-3-1,32,46.9,40.70181818181818,0.0,1102.0,346.0,0.0,1866.0,5847.0,8008.0,4310.0,550.0
90,42,Balanced,Mid-Block,Low,Wide,Defensive,4-4-2,8,43.4,48.30731707317073,0.0,790.0,257.0,0.0,2213.0,6811.0,6603.0,2804.0,419.0
91,61,Balanced,Mid-Block,Low,Wide,Balanced,4-3-3,16,44.6,38.8739837398374,0.0,880.0,315.0,0.0,2270.0,6044.0,6865.0,3611.0,518.0
92,49,Balanced,Mid-Block,Low,Balanced,Balanced,4-4-2,66,48.6,51.44843049327354,0.0,1224.0,415.0,0.0,1964.0,6056.0,7435.0,4352.0,767.0
93,37,Balanced,Mid-Block,Low,Balanced,Balanced,4-4-2,44,49.5,54.02232142857143,0.0,1176.0,306.0,0.0,2183.0,6838.0,8002.0,4148.0,706.0
94,63,Counter,High Press,Low,Balanced,Balanced,5-3-2,47,47.6,41.241721854304636,0.0,1047.0,349.0,0.0,2546.0,7185.0,8353.0,4201.0,732.0
95,68,Counter,Mid-Block,Low,Balanced,Balanced,4-4-1-1,34,46.0,42.89787234042553,0.0,1066.0,300.0,0.0,1997.0,5781.0,7304.0,3915.0,644.0
96,33,Counter,Mid-Block,Low,Balanced,Balanced,4-5-1,44,47.5,47.959016393442624,0.0,989.0,384.0,0.0,2192.0,6483.0,8292.0,3892.0,607.0
